candidato,texto,autor_username,timestamp,post_url,post_caption,likes_comentario
vereadoriraniguedes,👏👏👏,jkcenariopoliticorn,2026-03-30 13:21:44+00:00,https://www.instagram.com/p/C-ugv24OyXq/,,0
vereadoriraniguedes,Tudo bem,ana.damiana.3705,2026-03-28 01:40:35+00:00,https://www.instagram.com/p/C-ugv24OyXq/,,0
vereadoriraniguedes,Boa noite,ana.damiana.3705,2026-03-28 01:40:27+00:00,https://www.instagram.com/p/C-ugv24OyXq/,,0
vereadoriraniguedes,Lost in this moment 😵‍💫 bio continues,gingerfrederick381,2025-09-26 21:44:04+00:00,https://www.instagram.com/p/C-ugv24OyXq/,,0
vereadoriraniguedes,Estamos simmm 🔥🙌,ana_bezerraoficial,2025-05-06 20:51:07+00:00,https://www.instagram.com/p/C-ugv24OyXq/,,0
vereadoriraniguedes,💯🤝Sempre !!!,anarioslf,2025-05-06 20:49:33+00:00,https://www.instagram.com/p/C-ugv24OyXq/,,0
vereadoriraniguedes,Falei no PV😉,bem_vindos_a_saude_e_bem_estar,2025-05-06 01:07:52+00:00,https://www.instagram.com/p/C-ugv24OyXq/,,0
vereadoriraniguedes,Vocês deveria melhorar a saúde pública pois minha irmã está com 39 semanas de gravidez sentido dores em casa e a  MATERNIDADE DIVINO AMOR SE RECUSANDO A FAZER O PARTO DELA.,brunawenia_,2025-05-04 12:35:02+00:00,https://www.instagram.com/p/C-ugv24OyXq/,,0
vereadoriraniguedes,E aí? Quando será a Missa em ação de graças? 😍😍😍,telmahrodrigues,2024-10-19 18:02:44+00:00,https://www.instagram.com/p/C-ugv24OyXq/,,0
vereadoriraniguedes,Fala comigo no privado!!,_euujessiica,2024-08-24 17:44:55+00:00,https://www.instagram.com/p/C-ugv24OyXq/,,0
vereadoriraniguedes,Esse aí é o melhor e o meu veriador 👏👏👏👏👏👏,luciene_200,2024-08-18 16:34:05+00:00,https://www.instagram.com/p/C-ugv24OyXq/,,0
vereadoriraniguedes,Vamo que vamos meu veriadou,jomaria4814,2024-08-17 11:24:30+00:00,https://www.instagram.com/p/C-ugv24OyXq/,,0
vereadoriraniguedes,Estamos juntos.,liedjatavares,2024-08-16 14:04:26+00:00,https://www.instagram.com/p/C-ugv24OyXq/,,0
vereadoriraniguedes,Meu vereador!! O homem que trabalha por todos os cidadãos parnamirineses.,erlanefreiire,2024-08-16 14:01:50+00:00,https://www.instagram.com/p/C-ugv24OyXq/,,1
vereadoriraniguedes,Simboraa para a reeleição 🚀,deborha.lima,2024-08-16 11:08:35+00:00,https://www.instagram.com/p/C-ugv24OyXq/,,0
vereadoriraniguedes,Meu vereador! 🙌🏻🙏🏻,doloresfmedeiros,2024-08-16 10:53:10+00:00,https://www.instagram.com/p/C-ugv24OyXq/,,0
vereadoriraniguedes,Boa compre Nossa Senhora de Fátima é protetora e Mãe de Jesus Cristo e nossa 👍🙏🏼,valmir.pereira1,2026-04-11 19:57:34+00:00,https://www.instagram.com/p/DW9zIDVGbU-/,"Recebemos, com grande alegria e devoção, a visita da imagem peregrina de Nossa Senhora de Fátima, padroeira de Parnamirim.

Em nossa Casa Legislativa, celebramos uma Santa Missa presidida pelo padre Paulo Henrique, em um momento de fé, união e bênçãos para todos.

Que Nossa Senhora de Fátima continue intercedendo por nosso povo! 🙏✨",0
vereadoriraniguedes,👏👏,brendacardosoasuanutri,2026-04-11 11:27:32+00:00,https://www.instagram.com/p/DW9zIDVGbU-/,"Recebemos, com grande alegria e devoção, a visita da imagem peregrina de Nossa Senhora de Fátima, padroeira de Parnamirim.

Em nossa Casa Legislativa, celebramos uma Santa Missa presidida pelo padre Paulo Henrique, em um momento de fé, união e bênçãos para todos.

Que Nossa Senhora de Fátima continue intercedendo por nosso povo! 🙏✨",0
vereadoriraniguedes,🙌🏻🙏🏻,a.rafael89,2026-04-11 04:26:47+00:00,https://www.instagram.com/p/DW9zIDVGbU-/,"Recebemos, com grande alegria e devoção, a visita da imagem peregrina de Nossa Senhora de Fátima, padroeira de Parnamirim.

Em nossa Casa Legislativa, celebramos uma Santa Missa presidida pelo padre Paulo Henrique, em um momento de fé, união e bênçãos para todos.

Que Nossa Senhora de Fátima continue intercedendo por nosso povo! 🙏✨",0
vereadoriraniguedes,Amém 🙏🤍,deborha.lima,2026-04-10 21:20:48+00:00,https://www.instagram.com/p/DW9zIDVGbU-/,"Recebemos, com grande alegria e devoção, a visita da imagem peregrina de Nossa Senhora de Fátima, padroeira de Parnamirim.

Em nossa Casa Legislativa, celebramos uma Santa Missa presidida pelo padre Paulo Henrique, em um momento de fé, união e bênçãos para todos.

Que Nossa Senhora de Fátima continue intercedendo por nosso povo! 🙏✨",0
vereadoriraniguedes,👏👏👏👏👏🙏🙏🙏🙏,valdecijeronimomoura,2026-04-10 21:19:31+00:00,https://www.instagram.com/p/DW9zIDVGbU-/,"Recebemos, com grande alegria e devoção, a visita da imagem peregrina de Nossa Senhora de Fátima, padroeira de Parnamirim.

Em nossa Casa Legislativa, celebramos uma Santa Missa presidida pelo padre Paulo Henrique, em um momento de fé, união e bênçãos para todos.

Que Nossa Senhora de Fátima continue intercedendo por nosso povo! 🙏✨",0
vereadoriraniguedes,Amém Amém,rosa_lifer,2026-04-10 21:07:12+00:00,https://www.instagram.com/p/DW9zIDVGbU-/,"Recebemos, com grande alegria e devoção, a visita da imagem peregrina de Nossa Senhora de Fátima, padroeira de Parnamirim.

Em nossa Casa Legislativa, celebramos uma Santa Missa presidida pelo padre Paulo Henrique, em um momento de fé, união e bênçãos para todos.

Que Nossa Senhora de Fátima continue intercedendo por nosso povo! 🙏✨",0
vereadoriraniguedes,🙏🏻🙏🏻,eduardoalbuquerquern,2026-04-10 22:42:02+00:00,https://www.instagram.com/p/DW9zIDVGbU-/,"Recebemos, com grande alegria e devoção, a visita da imagem peregrina de Nossa Senhora de Fátima, padroeira de Parnamirim.

Em nossa Casa Legislativa, celebramos uma Santa Missa presidida pelo padre Paulo Henrique, em um momento de fé, união e bênçãos para todos.

Que Nossa Senhora de Fátima continue intercedendo por nosso povo! 🙏✨",0
michaelborgesrn,👏👏👏👏👏,drcesarmaia,2026-04-06 20:28:29+00:00,https://www.instagram.com/p/DWzV00dCX1n/,"Abril começou e, junto com ele, mais um mês de conscientização e enfrentamento aos maus-tratos contra os animais. 🐾

E quando falamos em avanço na causa animal, é impossível não destacar o Decreto Cão Orelha.

Antes, as multas iam de R$ 300 a R$ 3 mil. Agora, podem chegar a R$ 1 milhão nos casos mais graves.

É uma mudança importante porque, além das penalidades legais, agora quem pratica maus-tratos também sente no bolso.

Mas ainda há muito a ser feito.

Precisamos ampliar o cuidado, fortalecer políticas públicas e garantir mais proteção para os animais.

Seguimos firmes. Temos um Abril Laranja inteiro pela frente. 🧡

#michaelborges #parnamirim #causaanimal #abrillaranja #rn",1
michaelborgesrn,👏👏👏👏👏🙌,izabelleraissaa,2026-04-07 08:55:58+00:00,https://www.instagram.com/p/DWzV00dCX1n/,"Abril começou e, junto com ele, mais um mês de conscientização e enfrentamento aos maus-tratos contra os animais. 🐾

E quando falamos em avanço na causa animal, é impossível não destacar o Decreto Cão Orelha.

Antes, as multas iam de R$ 300 a R$ 3 mil. Agora, podem chegar a R$ 1 milhão nos casos mais graves.

É uma mudança importante porque, além das penalidades legais, agora quem pratica maus-tratos também sente no bolso.

Mas ainda há muito a ser feito.

Precisamos ampliar o cuidado, fortalecer políticas públicas e garantir mais proteção para os animais.

Seguimos firmes. Temos um Abril Laranja inteiro pela frente. 🧡

#michaelborges #parnamirim #causaanimal #abrillaranja #rn",1
michaelborgesrn,👏👏👏,lydia_prado,2026-04-06 20:56:16+00:00,https://www.instagram.com/p/DWzV00dCX1n/,"Abril começou e, junto com ele, mais um mês de conscientização e enfrentamento aos maus-tratos contra os animais. 🐾

E quando falamos em avanço na causa animal, é impossível não destacar o Decreto Cão Orelha.

Antes, as multas iam de R$ 300 a R$ 3 mil. Agora, podem chegar a R$ 1 milhão nos casos mais graves.

É uma mudança importante porque, além das penalidades legais, agora quem pratica maus-tratos também sente no bolso.

Mas ainda há muito a ser feito.

Precisamos ampliar o cuidado, fortalecer políticas públicas e garantir mais proteção para os animais.

Seguimos firmes. Temos um Abril Laranja inteiro pela frente. 🧡

#michaelborges #parnamirim #causaanimal #abrillaranja #rn",1
michaelborgesrn,👏👏👏👏👏👏👏👏👏,felip_sonhador,2026-04-06 21:45:44+00:00,https://www.instagram.com/p/DWzV00dCX1n/,"Abril começou e, junto com ele, mais um mês de conscientização e enfrentamento aos maus-tratos contra os animais. 🐾

E quando falamos em avanço na causa animal, é impossível não destacar o Decreto Cão Orelha.

Antes, as multas iam de R$ 300 a R$ 3 mil. Agora, podem chegar a R$ 1 milhão nos casos mais graves.

É uma mudança importante porque, além das penalidades legais, agora quem pratica maus-tratos também sente no bolso.

Mas ainda há muito a ser feito.

Precisamos ampliar o cuidado, fortalecer políticas públicas e garantir mais proteção para os animais.

Seguimos firmes. Temos um Abril Laranja inteiro pela frente. 🧡

#michaelborges #parnamirim #causaanimal #abrillaranja #rn",1
michaelborgesrn,👏👏👏👏👏👏👏,soululima_,2026-04-06 20:20:54+00:00,https://www.instagram.com/p/DWzV00dCX1n/,"Abril começou e, junto com ele, mais um mês de conscientização e enfrentamento aos maus-tratos contra os animais. 🐾

E quando falamos em avanço na causa animal, é impossível não destacar o Decreto Cão Orelha.

Antes, as multas iam de R$ 300 a R$ 3 mil. Agora, podem chegar a R$ 1 milhão nos casos mais graves.

É uma mudança importante porque, além das penalidades legais, agora quem pratica maus-tratos também sente no bolso.

Mas ainda há muito a ser feito.

Precisamos ampliar o cuidado, fortalecer políticas públicas e garantir mais proteção para os animais.

Seguimos firmes. Temos um Abril Laranja inteiro pela frente. 🧡

#michaelborges #parnamirim #causaanimal #abrillaranja #rn",1
michaelborgesrn,👏🏻👏,edivaldoh1980,2026-04-06 20:32:07+00:00,https://www.instagram.com/p/DWzV00dCX1n/,"Abril começou e, junto com ele, mais um mês de conscientização e enfrentamento aos maus-tratos contra os animais. 🐾

E quando falamos em avanço na causa animal, é impossível não destacar o Decreto Cão Orelha.

Antes, as multas iam de R$ 300 a R$ 3 mil. Agora, podem chegar a R$ 1 milhão nos casos mais graves.

É uma mudança importante porque, além das penalidades legais, agora quem pratica maus-tratos também sente no bolso.

Mas ainda há muito a ser feito.

Precisamos ampliar o cuidado, fortalecer políticas públicas e garantir mais proteção para os animais.

Seguimos firmes. Temos um Abril Laranja inteiro pela frente. 🧡

#michaelborges #parnamirim #causaanimal #abrillaranja #rn",1
michaelborgesrn,👏👏👏❤️,drikaruiz_atelie,2026-04-06 21:58:55+00:00,https://www.instagram.com/p/DWzV00dCX1n/,"Abril começou e, junto com ele, mais um mês de conscientização e enfrentamento aos maus-tratos contra os animais. 🐾

E quando falamos em avanço na causa animal, é impossível não destacar o Decreto Cão Orelha.

Antes, as multas iam de R$ 300 a R$ 3 mil. Agora, podem chegar a R$ 1 milhão nos casos mais graves.

É uma mudança importante porque, além das penalidades legais, agora quem pratica maus-tratos também sente no bolso.

Mas ainda há muito a ser feito.

Precisamos ampliar o cuidado, fortalecer políticas públicas e garantir mais proteção para os animais.

Seguimos firmes. Temos um Abril Laranja inteiro pela frente. 🧡

#michaelborges #parnamirim #causaanimal #abrillaranja #rn",1
michaelborgesrn,👏👏👏👏👏👏,luizaugustooo1,2026-04-06 19:56:44+00:00,https://www.instagram.com/p/DWzV00dCX1n/,"Abril começou e, junto com ele, mais um mês de conscientização e enfrentamento aos maus-tratos contra os animais. 🐾

E quando falamos em avanço na causa animal, é impossível não destacar o Decreto Cão Orelha.

Antes, as multas iam de R$ 300 a R$ 3 mil. Agora, podem chegar a R$ 1 milhão nos casos mais graves.

É uma mudança importante porque, além das penalidades legais, agora quem pratica maus-tratos também sente no bolso.

Mas ainda há muito a ser feito.

Precisamos ampliar o cuidado, fortalecer políticas públicas e garantir mais proteção para os animais.

Seguimos firmes. Temos um Abril Laranja inteiro pela frente. 🧡

#michaelborges #parnamirim #causaanimal #abrillaranja #rn",1
michaelborgesrn,👏👏👏👏👏👏👏👏,esdrasjr_77,2026-04-06 20:34:31+00:00,https://www.instagram.com/p/DWzV00dCX1n/,"Abril começou e, junto com ele, mais um mês de conscientização e enfrentamento aos maus-tratos contra os animais. 🐾

E quando falamos em avanço na causa animal, é impossível não destacar o Decreto Cão Orelha.

Antes, as multas iam de R$ 300 a R$ 3 mil. Agora, podem chegar a R$ 1 milhão nos casos mais graves.

É uma mudança importante porque, além das penalidades legais, agora quem pratica maus-tratos também sente no bolso.

Mas ainda há muito a ser feito.

Precisamos ampliar o cuidado, fortalecer políticas públicas e garantir mais proteção para os animais.

Seguimos firmes. Temos um Abril Laranja inteiro pela frente. 🧡

#michaelborges #parnamirim #causaanimal #abrillaranja #rn",1
michaelborgesrn,👏👏👏👏👏👏,ana1286paula,2026-04-06 21:34:52+00:00,https://www.instagram.com/p/DWzV00dCX1n/,"Abril começou e, junto com ele, mais um mês de conscientização e enfrentamento aos maus-tratos contra os animais. 🐾

E quando falamos em avanço na causa animal, é impossível não destacar o Decreto Cão Orelha.

Antes, as multas iam de R$ 300 a R$ 3 mil. Agora, podem chegar a R$ 1 milhão nos casos mais graves.

É uma mudança importante porque, além das penalidades legais, agora quem pratica maus-tratos também sente no bolso.

Mas ainda há muito a ser feito.

Precisamos ampliar o cuidado, fortalecer políticas públicas e garantir mais proteção para os animais.

Seguimos firmes. Temos um Abril Laranja inteiro pela frente. 🧡

#michaelborges #parnamirim #causaanimal #abrillaranja #rn",1
michaelborgesrn,👏👏👏👏,marcodanielbs,2026-04-06 20:17:57+00:00,https://www.instagram.com/p/DWzV00dCX1n/,"Abril começou e, junto com ele, mais um mês de conscientização e enfrentamento aos maus-tratos contra os animais. 🐾

E quando falamos em avanço na causa animal, é impossível não destacar o Decreto Cão Orelha.

Antes, as multas iam de R$ 300 a R$ 3 mil. Agora, podem chegar a R$ 1 milhão nos casos mais graves.

É uma mudança importante porque, além das penalidades legais, agora quem pratica maus-tratos também sente no bolso.

Mas ainda há muito a ser feito.

Precisamos ampliar o cuidado, fortalecer políticas públicas e garantir mais proteção para os animais.

Seguimos firmes. Temos um Abril Laranja inteiro pela frente. 🧡

#michaelborges #parnamirim #causaanimal #abrillaranja #rn",1
michaelborgesrn,👏👏👏👏👏,conceicao.oliveira205,2026-04-06 22:40:31+00:00,https://www.instagram.com/p/DWzV00dCX1n/,"Abril começou e, junto com ele, mais um mês de conscientização e enfrentamento aos maus-tratos contra os animais. 🐾

E quando falamos em avanço na causa animal, é impossível não destacar o Decreto Cão Orelha.

Antes, as multas iam de R$ 300 a R$ 3 mil. Agora, podem chegar a R$ 1 milhão nos casos mais graves.

É uma mudança importante porque, além das penalidades legais, agora quem pratica maus-tratos também sente no bolso.

Mas ainda há muito a ser feito.

Precisamos ampliar o cuidado, fortalecer políticas públicas e garantir mais proteção para os animais.

Seguimos firmes. Temos um Abril Laranja inteiro pela frente. 🧡

#michaelborges #parnamirim #causaanimal #abrillaranja #rn",1
michaelborgesrn,👏👏👏👏👏,fernandesaltamir,2026-04-06 19:58:43+00:00,https://www.instagram.com/p/DWzV00dCX1n/,"Abril começou e, junto com ele, mais um mês de conscientização e enfrentamento aos maus-tratos contra os animais. 🐾

E quando falamos em avanço na causa animal, é impossível não destacar o Decreto Cão Orelha.

Antes, as multas iam de R$ 300 a R$ 3 mil. Agora, podem chegar a R$ 1 milhão nos casos mais graves.

É uma mudança importante porque, além das penalidades legais, agora quem pratica maus-tratos também sente no bolso.

Mas ainda há muito a ser feito.

Precisamos ampliar o cuidado, fortalecer políticas públicas e garantir mais proteção para os animais.

Seguimos firmes. Temos um Abril Laranja inteiro pela frente. 🧡

#michaelborges #parnamirim #causaanimal #abrillaranja #rn",1
michaelborgesrn,👏🏻👏🏻👏🏻👏🏻👏🏻👏🏻👏🏻,marinanunesg_,2026-04-06 20:01:46+00:00,https://www.instagram.com/p/DWzV00dCX1n/,"Abril começou e, junto com ele, mais um mês de conscientização e enfrentamento aos maus-tratos contra os animais. 🐾

E quando falamos em avanço na causa animal, é impossível não destacar o Decreto Cão Orelha.

Antes, as multas iam de R$ 300 a R$ 3 mil. Agora, podem chegar a R$ 1 milhão nos casos mais graves.

É uma mudança importante porque, além das penalidades legais, agora quem pratica maus-tratos também sente no bolso.

Mas ainda há muito a ser feito.

Precisamos ampliar o cuidado, fortalecer políticas públicas e garantir mais proteção para os animais.

Seguimos firmes. Temos um Abril Laranja inteiro pela frente. 🧡

#michaelborges #parnamirim #causaanimal #abrillaranja #rn",1
michaelborgesrn,👏👏👏👏👏👏👏,selmalima83,2026-04-06 22:17:40+00:00,https://www.instagram.com/p/DWzV00dCX1n/,"Abril começou e, junto com ele, mais um mês de conscientização e enfrentamento aos maus-tratos contra os animais. 🐾

E quando falamos em avanço na causa animal, é impossível não destacar o Decreto Cão Orelha.

Antes, as multas iam de R$ 300 a R$ 3 mil. Agora, podem chegar a R$ 1 milhão nos casos mais graves.

É uma mudança importante porque, além das penalidades legais, agora quem pratica maus-tratos também sente no bolso.

Mas ainda há muito a ser feito.

Precisamos ampliar o cuidado, fortalecer políticas públicas e garantir mais proteção para os animais.

Seguimos firmes. Temos um Abril Laranja inteiro pela frente. 🧡

#michaelborges #parnamirim #causaanimal #abrillaranja #rn",1
michaelborgesrn,👏👏👏,dorneles.marilia,2026-04-06 21:25:36+00:00,https://www.instagram.com/p/DWzV00dCX1n/,"Abril começou e, junto com ele, mais um mês de conscientização e enfrentamento aos maus-tratos contra os animais. 🐾

E quando falamos em avanço na causa animal, é impossível não destacar o Decreto Cão Orelha.

Antes, as multas iam de R$ 300 a R$ 3 mil. Agora, podem chegar a R$ 1 milhão nos casos mais graves.

É uma mudança importante porque, além das penalidades legais, agora quem pratica maus-tratos também sente no bolso.

Mas ainda há muito a ser feito.

Precisamos ampliar o cuidado, fortalecer políticas públicas e garantir mais proteção para os animais.

Seguimos firmes. Temos um Abril Laranja inteiro pela frente. 🧡

#michaelborges #parnamirim #causaanimal #abrillaranja #rn",1
michaelborgesrn,👏🏼👏🏼👏🏼👏🏼👏🏼,elizasilva_sousa,2026-04-06 20:05:56+00:00,https://www.instagram.com/p/DWzV00dCX1n/,"Abril começou e, junto com ele, mais um mês de conscientização e enfrentamento aos maus-tratos contra os animais. 🐾

E quando falamos em avanço na causa animal, é impossível não destacar o Decreto Cão Orelha.

Antes, as multas iam de R$ 300 a R$ 3 mil. Agora, podem chegar a R$ 1 milhão nos casos mais graves.

É uma mudança importante porque, além das penalidades legais, agora quem pratica maus-tratos também sente no bolso.

Mas ainda há muito a ser feito.

Precisamos ampliar o cuidado, fortalecer políticas públicas e garantir mais proteção para os animais.

Seguimos firmes. Temos um Abril Laranja inteiro pela frente. 🧡

#michaelborges #parnamirim #causaanimal #abrillaranja #rn",1
michaelborgesrn,👏👏👏👏👏👏👏,giggy_silva,2026-04-06 20:36:05+00:00,https://www.instagram.com/p/DWzV00dCX1n/,"Abril começou e, junto com ele, mais um mês de conscientização e enfrentamento aos maus-tratos contra os animais. 🐾

E quando falamos em avanço na causa animal, é impossível não destacar o Decreto Cão Orelha.

Antes, as multas iam de R$ 300 a R$ 3 mil. Agora, podem chegar a R$ 1 milhão nos casos mais graves.

É uma mudança importante porque, além das penalidades legais, agora quem pratica maus-tratos também sente no bolso.

Mas ainda há muito a ser feito.

Precisamos ampliar o cuidado, fortalecer políticas públicas e garantir mais proteção para os animais.

Seguimos firmes. Temos um Abril Laranja inteiro pela frente. 🧡

#michaelborges #parnamirim #causaanimal #abrillaranja #rn",1
michaelborgesrn,👏👏👏👏,yurizth,2026-04-06 19:50:28+00:00,https://www.instagram.com/p/DWzV00dCX1n/,"Abril começou e, junto com ele, mais um mês de conscientização e enfrentamento aos maus-tratos contra os animais. 🐾

E quando falamos em avanço na causa animal, é impossível não destacar o Decreto Cão Orelha.

Antes, as multas iam de R$ 300 a R$ 3 mil. Agora, podem chegar a R$ 1 milhão nos casos mais graves.

É uma mudança importante porque, além das penalidades legais, agora quem pratica maus-tratos também sente no bolso.

Mas ainda há muito a ser feito.

Precisamos ampliar o cuidado, fortalecer políticas públicas e garantir mais proteção para os animais.

Seguimos firmes. Temos um Abril Laranja inteiro pela frente. 🧡

#michaelborges #parnamirim #causaanimal #abrillaranja #rn",1
michaelborgesrn,Muito bom! Avante sempre. 👏,gil.ambrosio.rb,2026-04-06 21:54:38+00:00,https://www.instagram.com/p/DWzV00dCX1n/,"Abril começou e, junto com ele, mais um mês de conscientização e enfrentamento aos maus-tratos contra os animais. 🐾

E quando falamos em avanço na causa animal, é impossível não destacar o Decreto Cão Orelha.

Antes, as multas iam de R$ 300 a R$ 3 mil. Agora, podem chegar a R$ 1 milhão nos casos mais graves.

É uma mudança importante porque, além das penalidades legais, agora quem pratica maus-tratos também sente no bolso.

Mas ainda há muito a ser feito.

Precisamos ampliar o cuidado, fortalecer políticas públicas e garantir mais proteção para os animais.

Seguimos firmes. Temos um Abril Laranja inteiro pela frente. 🧡

#michaelborges #parnamirim #causaanimal #abrillaranja #rn",1
michaelborgesrn,👏👏👏👏👏,pedrocpi,2026-04-06 21:22:13+00:00,https://www.instagram.com/p/DWzV00dCX1n/,"Abril começou e, junto com ele, mais um mês de conscientização e enfrentamento aos maus-tratos contra os animais. 🐾

E quando falamos em avanço na causa animal, é impossível não destacar o Decreto Cão Orelha.

Antes, as multas iam de R$ 300 a R$ 3 mil. Agora, podem chegar a R$ 1 milhão nos casos mais graves.

É uma mudança importante porque, além das penalidades legais, agora quem pratica maus-tratos também sente no bolso.

Mas ainda há muito a ser feito.

Precisamos ampliar o cuidado, fortalecer políticas públicas e garantir mais proteção para os animais.

Seguimos firmes. Temos um Abril Laranja inteiro pela frente. 🧡

#michaelborges #parnamirim #causaanimal #abrillaranja #rn",1
michaelborgesrn,👏👏👏👏,mooises_lb,2026-04-06 20:24:14+00:00,https://www.instagram.com/p/DWzV00dCX1n/,"Abril começou e, junto com ele, mais um mês de conscientização e enfrentamento aos maus-tratos contra os animais. 🐾

E quando falamos em avanço na causa animal, é impossível não destacar o Decreto Cão Orelha.

Antes, as multas iam de R$ 300 a R$ 3 mil. Agora, podem chegar a R$ 1 milhão nos casos mais graves.

É uma mudança importante porque, além das penalidades legais, agora quem pratica maus-tratos também sente no bolso.

Mas ainda há muito a ser feito.

Precisamos ampliar o cuidado, fortalecer políticas públicas e garantir mais proteção para os animais.

Seguimos firmes. Temos um Abril Laranja inteiro pela frente. 🧡

#michaelborges #parnamirim #causaanimal #abrillaranja #rn",1
michaelborgesrn,Mais uma vitória em defesa da causa animal.👏🏼👏🏼👏🏼👏🏼👏🏼👏🏼👏🏼,analice_almeidaandre,2026-04-07 02:00:35+00:00,https://www.instagram.com/p/DWzV00dCX1n/,"Abril começou e, junto com ele, mais um mês de conscientização e enfrentamento aos maus-tratos contra os animais. 🐾

E quando falamos em avanço na causa animal, é impossível não destacar o Decreto Cão Orelha.

Antes, as multas iam de R$ 300 a R$ 3 mil. Agora, podem chegar a R$ 1 milhão nos casos mais graves.

É uma mudança importante porque, além das penalidades legais, agora quem pratica maus-tratos também sente no bolso.

Mas ainda há muito a ser feito.

Precisamos ampliar o cuidado, fortalecer políticas públicas e garantir mais proteção para os animais.

Seguimos firmes. Temos um Abril Laranja inteiro pela frente. 🧡

#michaelborges #parnamirim #causaanimal #abrillaranja #rn",1
michaelborgesrn,Vingança.pelo.caozinho.orella.e.todos.animais👏👏👏👏👏🙌,regianelemes5,2026-04-08 17:18:17+00:00,https://www.instagram.com/p/DWzV00dCX1n/,"Abril começou e, junto com ele, mais um mês de conscientização e enfrentamento aos maus-tratos contra os animais. 🐾

E quando falamos em avanço na causa animal, é impossível não destacar o Decreto Cão Orelha.

Antes, as multas iam de R$ 300 a R$ 3 mil. Agora, podem chegar a R$ 1 milhão nos casos mais graves.

É uma mudança importante porque, além das penalidades legais, agora quem pratica maus-tratos também sente no bolso.

Mas ainda há muito a ser feito.

Precisamos ampliar o cuidado, fortalecer políticas públicas e garantir mais proteção para os animais.

Seguimos firmes. Temos um Abril Laranja inteiro pela frente. 🧡

#michaelborges #parnamirim #causaanimal #abrillaranja #rn",0
michaelborgesrn,Parabéns meu vereador pelo posicionamento 👏👏👏,jaciele_pereira__,2026-04-07 12:03:09+00:00,https://www.instagram.com/p/DWzV00dCX1n/,"Abril começou e, junto com ele, mais um mês de conscientização e enfrentamento aos maus-tratos contra os animais. 🐾

E quando falamos em avanço na causa animal, é impossível não destacar o Decreto Cão Orelha.

Antes, as multas iam de R$ 300 a R$ 3 mil. Agora, podem chegar a R$ 1 milhão nos casos mais graves.

É uma mudança importante porque, além das penalidades legais, agora quem pratica maus-tratos também sente no bolso.

Mas ainda há muito a ser feito.

Precisamos ampliar o cuidado, fortalecer políticas públicas e garantir mais proteção para os animais.

Seguimos firmes. Temos um Abril Laranja inteiro pela frente. 🧡

#michaelborges #parnamirim #causaanimal #abrillaranja #rn",0
michaelborgesrn,👏👏👏👏👏,jaciele_pereira__,2026-04-07 12:02:44+00:00,https://www.instagram.com/p/DWzV00dCX1n/,"Abril começou e, junto com ele, mais um mês de conscientização e enfrentamento aos maus-tratos contra os animais. 🐾

E quando falamos em avanço na causa animal, é impossível não destacar o Decreto Cão Orelha.

Antes, as multas iam de R$ 300 a R$ 3 mil. Agora, podem chegar a R$ 1 milhão nos casos mais graves.

É uma mudança importante porque, além das penalidades legais, agora quem pratica maus-tratos também sente no bolso.

Mas ainda há muito a ser feito.

Precisamos ampliar o cuidado, fortalecer políticas públicas e garantir mais proteção para os animais.

Seguimos firmes. Temos um Abril Laranja inteiro pela frente. 🧡

#michaelborges #parnamirim #causaanimal #abrillaranja #rn",0
michaelborgesrn,👏👏👏👏👏👏👏,alexsandra_197,2026-04-06 23:12:46+00:00,https://www.instagram.com/p/DWzV00dCX1n/,"Abril começou e, junto com ele, mais um mês de conscientização e enfrentamento aos maus-tratos contra os animais. 🐾

E quando falamos em avanço na causa animal, é impossível não destacar o Decreto Cão Orelha.

Antes, as multas iam de R$ 300 a R$ 3 mil. Agora, podem chegar a R$ 1 milhão nos casos mais graves.

É uma mudança importante porque, além das penalidades legais, agora quem pratica maus-tratos também sente no bolso.

Mas ainda há muito a ser feito.

Precisamos ampliar o cuidado, fortalecer políticas públicas e garantir mais proteção para os animais.

Seguimos firmes. Temos um Abril Laranja inteiro pela frente. 🧡

#michaelborges #parnamirim #causaanimal #abrillaranja #rn",0
michaelborgesrn,os teus eleitores agora é cachorro 🐶🐕 é o kei,juniorflores.72,2026-04-06 22:57:38+00:00,https://www.instagram.com/p/DWzV00dCX1n/,"Abril começou e, junto com ele, mais um mês de conscientização e enfrentamento aos maus-tratos contra os animais. 🐾

E quando falamos em avanço na causa animal, é impossível não destacar o Decreto Cão Orelha.

Antes, as multas iam de R$ 300 a R$ 3 mil. Agora, podem chegar a R$ 1 milhão nos casos mais graves.

É uma mudança importante porque, além das penalidades legais, agora quem pratica maus-tratos também sente no bolso.

Mas ainda há muito a ser feito.

Precisamos ampliar o cuidado, fortalecer políticas públicas e garantir mais proteção para os animais.

Seguimos firmes. Temos um Abril Laranja inteiro pela frente. 🧡

#michaelborges #parnamirim #causaanimal #abrillaranja #rn",0
michaelborgesrn,Amém 🙌❤️,ana1286paula,2026-04-05 17:38:10+00:00,https://www.instagram.com/p/DWwDNcZkQaK/,"Ele vive e reina para sempre! Uma Páscoa abençoada e cheia de luz para todos. 🕊️🙌 

#EleRessuscitou 
#Páscoa
#Luz
#Fé",0
michaelborgesrn,🙏🏼🙏🏼🙏🏼🙌🏼,yurizth,2026-04-05 14:57:43+00:00,https://www.instagram.com/p/DWwDNcZkQaK/,"Ele vive e reina para sempre! Uma Páscoa abençoada e cheia de luz para todos. 🕊️🙌 

#EleRessuscitou 
#Páscoa
#Luz
#Fé",1
michaelborgesrn,🙌❤️,anderson.alwes,2026-04-05 15:28:10+00:00,https://www.instagram.com/p/DWwDNcZkQaK/,"Ele vive e reina para sempre! Uma Páscoa abençoada e cheia de luz para todos. 🕊️🙌 

#EleRessuscitou 
#Páscoa
#Luz
#Fé",1
michaelborgesrn,Uma feliz páscoa 🙌🙌,luizaugustooo1,2026-04-05 15:36:21+00:00,https://www.instagram.com/p/DWwDNcZkQaK/,"Ele vive e reina para sempre! Uma Páscoa abençoada e cheia de luz para todos. 🕊️🙌 

#EleRessuscitou 
#Páscoa
#Luz
#Fé",1
michaelborgesrn,🙌,marcodanielbs,2026-04-05 14:26:11+00:00,https://www.instagram.com/p/DWwDNcZkQaK/,"Ele vive e reina para sempre! Uma Páscoa abençoada e cheia de luz para todos. 🕊️🙌 

#EleRessuscitou 
#Páscoa
#Luz
#Fé",1
vereadorederqueiroz,Obrigada meu bem ❤️,rafaelaqueiroz0409,2026-04-09 12:33:29+00:00,https://www.instagram.com/p/DW6L9mODmb-/,"Hoje é dia Meu bem, o dia da pessoa que está em todos os momentos do meu lado, saiba que sou muito grato a Deus por ele ter colocado uma pessoa tão maravilhosa em meu caminho.  Poderia passar o dia aqui, mais só escrever não basta! vamos viver o agora e aproveitar nossa família tá, te amo a cada dia mais ❤️@rafaelaqueiroz0409 …

Agradeço a Deus por você estar com saúde, o que passamos ano passado não foi fácil e hoje você está aqui com a glória do senhor!",0
vereadorederqueiroz,Parabéns feliz aniversário dona Rafaela 🙌🙌🙌,josivando61,2026-04-09 18:28:27+00:00,https://www.instagram.com/p/DW6L9mODmb-/,"Hoje é dia Meu bem, o dia da pessoa que está em todos os momentos do meu lado, saiba que sou muito grato a Deus por ele ter colocado uma pessoa tão maravilhosa em meu caminho.  Poderia passar o dia aqui, mais só escrever não basta! vamos viver o agora e aproveitar nossa família tá, te amo a cada dia mais ❤️@rafaelaqueiroz0409 …

Agradeço a Deus por você estar com saúde, o que passamos ano passado não foi fácil e hoje você está aqui com a glória do senhor!",0
vereadorederqueiroz,Feliz aniversário RAFAELA!!!👏👏👏👏👏👏🙌,alineferreiracantoraoficial21,2026-04-09 13:54:43+00:00,https://www.instagram.com/p/DW6L9mODmb-/,"Hoje é dia Meu bem, o dia da pessoa que está em todos os momentos do meu lado, saiba que sou muito grato a Deus por ele ter colocado uma pessoa tão maravilhosa em meu caminho.  Poderia passar o dia aqui, mais só escrever não basta! vamos viver o agora e aproveitar nossa família tá, te amo a cada dia mais ❤️@rafaelaqueiroz0409 …

Agradeço a Deus por você estar com saúde, o que passamos ano passado não foi fácil e hoje você está aqui com a glória do senhor!",0
vereadorederqueiroz,Parabéns Rafaela feliz vida,josileidepereirada,2026-04-09 12:34:06+00:00,https://www.instagram.com/p/DW6L9mODmb-/,"Hoje é dia Meu bem, o dia da pessoa que está em todos os momentos do meu lado, saiba que sou muito grato a Deus por ele ter colocado uma pessoa tão maravilhosa em meu caminho.  Poderia passar o dia aqui, mais só escrever não basta! vamos viver o agora e aproveitar nossa família tá, te amo a cada dia mais ❤️@rafaelaqueiroz0409 …

Agradeço a Deus por você estar com saúde, o que passamos ano passado não foi fácil e hoje você está aqui com a glória do senhor!",1
vereadorederqueiroz,Parabéns feliz vida!! 🎂🎉🎊🎈👏🏼❤️,nilda.trajano,2026-04-09 12:20:33+00:00,https://www.instagram.com/p/DW6L9mODmb-/,"Hoje é dia Meu bem, o dia da pessoa que está em todos os momentos do meu lado, saiba que sou muito grato a Deus por ele ter colocado uma pessoa tão maravilhosa em meu caminho.  Poderia passar o dia aqui, mais só escrever não basta! vamos viver o agora e aproveitar nossa família tá, te amo a cada dia mais ❤️@rafaelaqueiroz0409 …

Agradeço a Deus por você estar com saúde, o que passamos ano passado não foi fácil e hoje você está aqui com a glória do senhor!",2
vereadorederqueiroz,Parabéns que Deus te abençoe grandemente todos os dias de sua vida feliz aniversário ❤️,lucimarmartiniano,2026-04-09 16:44:56+00:00,https://www.instagram.com/p/DW6L9mODmb-/,"Hoje é dia Meu bem, o dia da pessoa que está em todos os momentos do meu lado, saiba que sou muito grato a Deus por ele ter colocado uma pessoa tão maravilhosa em meu caminho.  Poderia passar o dia aqui, mais só escrever não basta! vamos viver o agora e aproveitar nossa família tá, te amo a cada dia mais ❤️@rafaelaqueiroz0409 …

Agradeço a Deus por você estar com saúde, o que passamos ano passado não foi fácil e hoje você está aqui com a glória do senhor!",0
vereadorederqueiroz,Parabéns Rafaela Queiroz te desejo muita saúde e paz e muitas felicidades 💋,lucipatriciornp,2026-04-09 13:28:42+00:00,https://www.instagram.com/p/DW6L9mODmb-/,"Hoje é dia Meu bem, o dia da pessoa que está em todos os momentos do meu lado, saiba que sou muito grato a Deus por ele ter colocado uma pessoa tão maravilhosa em meu caminho.  Poderia passar o dia aqui, mais só escrever não basta! vamos viver o agora e aproveitar nossa família tá, te amo a cada dia mais ❤️@rafaelaqueiroz0409 …

Agradeço a Deus por você estar com saúde, o que passamos ano passado não foi fácil e hoje você está aqui com a glória do senhor!",0
vereadorederqueiroz,Parabéns pra ela muitas felicidades e saúde e que Deus abençoe sempre ela abraço.,katia.rosania.9,2026-04-09 11:52:07+00:00,https://www.instagram.com/p/DW6L9mODmb-/,"Hoje é dia Meu bem, o dia da pessoa que está em todos os momentos do meu lado, saiba que sou muito grato a Deus por ele ter colocado uma pessoa tão maravilhosa em meu caminho.  Poderia passar o dia aqui, mais só escrever não basta! vamos viver o agora e aproveitar nossa família tá, te amo a cada dia mais ❤️@rafaelaqueiroz0409 …

Agradeço a Deus por você estar com saúde, o que passamos ano passado não foi fácil e hoje você está aqui com a glória do senhor!",1
vereadorederqueiroz,"Parabéns Rafaela, Deus esteja sempre presente em sua vida e lhe conceda saúde, felicidade e paz! 👏😍",varelatila,2026-04-09 13:47:57+00:00,https://www.instagram.com/p/DW6L9mODmb-/,"Hoje é dia Meu bem, o dia da pessoa que está em todos os momentos do meu lado, saiba que sou muito grato a Deus por ele ter colocado uma pessoa tão maravilhosa em meu caminho.  Poderia passar o dia aqui, mais só escrever não basta! vamos viver o agora e aproveitar nossa família tá, te amo a cada dia mais ❤️@rafaelaqueiroz0409 …

Agradeço a Deus por você estar com saúde, o que passamos ano passado não foi fácil e hoje você está aqui com a glória do senhor!",0
vereadorederqueiroz,Parabéns 👏👏👏👏👏👏👏👏,nininha_santos46,2026-04-09 14:17:50+00:00,https://www.instagram.com/p/DW6L9mODmb-/,"Hoje é dia Meu bem, o dia da pessoa que está em todos os momentos do meu lado, saiba que sou muito grato a Deus por ele ter colocado uma pessoa tão maravilhosa em meu caminho.  Poderia passar o dia aqui, mais só escrever não basta! vamos viver o agora e aproveitar nossa família tá, te amo a cada dia mais ❤️@rafaelaqueiroz0409 …

Agradeço a Deus por você estar com saúde, o que passamos ano passado não foi fácil e hoje você está aqui com a glória do senhor!",0
vereadorederqueiroz,"Feliz aniversário,que Deus abençoe 🙌meus parabéns 🎂🎂👏👏",natallulu,2026-04-09 13:41:29+00:00,https://www.instagram.com/p/DW6L9mODmb-/,"Hoje é dia Meu bem, o dia da pessoa que está em todos os momentos do meu lado, saiba que sou muito grato a Deus por ele ter colocado uma pessoa tão maravilhosa em meu caminho.  Poderia passar o dia aqui, mais só escrever não basta! vamos viver o agora e aproveitar nossa família tá, te amo a cada dia mais ❤️@rafaelaqueiroz0409 …

Agradeço a Deus por você estar com saúde, o que passamos ano passado não foi fácil e hoje você está aqui com a glória do senhor!",0
vereadorederqueiroz,"Feliz aniversário, Rafaaa 😍 saude, paz e muitas felicidadesss! Deus te abençoe sempre 🙏🏻✨",lorenascf_,2026-04-09 13:08:02+00:00,https://www.instagram.com/p/DW6L9mODmb-/,"Hoje é dia Meu bem, o dia da pessoa que está em todos os momentos do meu lado, saiba que sou muito grato a Deus por ele ter colocado uma pessoa tão maravilhosa em meu caminho.  Poderia passar o dia aqui, mais só escrever não basta! vamos viver o agora e aproveitar nossa família tá, te amo a cada dia mais ❤️@rafaelaqueiroz0409 …

Agradeço a Deus por você estar com saúde, o que passamos ano passado não foi fácil e hoje você está aqui com a glória do senhor!",0
vereadorederqueiroz,🥹🥹❤️,rafaelaqueiroz0409,2026-04-09 12:33:43+00:00,https://www.instagram.com/p/DW6L9mODmb-/,"Hoje é dia Meu bem, o dia da pessoa que está em todos os momentos do meu lado, saiba que sou muito grato a Deus por ele ter colocado uma pessoa tão maravilhosa em meu caminho.  Poderia passar o dia aqui, mais só escrever não basta! vamos viver o agora e aproveitar nossa família tá, te amo a cada dia mais ❤️@rafaelaqueiroz0409 …

Agradeço a Deus por você estar com saúde, o que passamos ano passado não foi fácil e hoje você está aqui com a glória do senhor!",0
vereadorederqueiroz,"Que o senhor abençoe com ricas bênçãos e saúde 🥂
Parabéns 🎊🍾🎉",jannyguedesnails_,2026-04-09 14:30:11+00:00,https://www.instagram.com/p/DW6L9mODmb-/,"Hoje é dia Meu bem, o dia da pessoa que está em todos os momentos do meu lado, saiba que sou muito grato a Deus por ele ter colocado uma pessoa tão maravilhosa em meu caminho.  Poderia passar o dia aqui, mais só escrever não basta! vamos viver o agora e aproveitar nossa família tá, te amo a cada dia mais ❤️@rafaelaqueiroz0409 …

Agradeço a Deus por você estar com saúde, o que passamos ano passado não foi fácil e hoje você está aqui com a glória do senhor!",0
vereadorederqueiroz,Parabéns @rafaelaqueiroz0409 ! Que Deus continue te abençoando ! Feliz vida cheia de saúde e paz! Felicidades 🙏✨🌟🤗🎂🥂🌸🌹😍,corrinhapirangi,2026-04-09 12:06:59+00:00,https://www.instagram.com/p/DW6L9mODmb-/,"Hoje é dia Meu bem, o dia da pessoa que está em todos os momentos do meu lado, saiba que sou muito grato a Deus por ele ter colocado uma pessoa tão maravilhosa em meu caminho.  Poderia passar o dia aqui, mais só escrever não basta! vamos viver o agora e aproveitar nossa família tá, te amo a cada dia mais ❤️@rafaelaqueiroz0409 …

Agradeço a Deus por você estar com saúde, o que passamos ano passado não foi fácil e hoje você está aqui com a glória do senhor!",1
vereadorederqueiroz,Parabéns,mariazelia.nascimento.37,2026-04-09 11:54:47+00:00,https://www.instagram.com/p/DW6L9mODmb-/,"Hoje é dia Meu bem, o dia da pessoa que está em todos os momentos do meu lado, saiba que sou muito grato a Deus por ele ter colocado uma pessoa tão maravilhosa em meu caminho.  Poderia passar o dia aqui, mais só escrever não basta! vamos viver o agora e aproveitar nossa família tá, te amo a cada dia mais ❤️@rafaelaqueiroz0409 …

Agradeço a Deus por você estar com saúde, o que passamos ano passado não foi fácil e hoje você está aqui com a glória do senhor!",1
vereadorederqueiroz,Parabéns @rafaelaqueiroz0409 toda felicidade do mundo pra você!😍,nandinhamachado,2026-04-09 12:19:18+00:00,https://www.instagram.com/p/DW6L9mODmb-/,"Hoje é dia Meu bem, o dia da pessoa que está em todos os momentos do meu lado, saiba que sou muito grato a Deus por ele ter colocado uma pessoa tão maravilhosa em meu caminho.  Poderia passar o dia aqui, mais só escrever não basta! vamos viver o agora e aproveitar nossa família tá, te amo a cada dia mais ❤️@rafaelaqueiroz0409 …

Agradeço a Deus por você estar com saúde, o que passamos ano passado não foi fácil e hoje você está aqui com a glória do senhor!",1
vereadorederqueiroz,Parabéns Deus te abençoe sempre 🙌,edilsonalvesdesouza24,2026-04-09 14:11:26+00:00,https://www.instagram.com/p/DW6L9mODmb-/,"Hoje é dia Meu bem, o dia da pessoa que está em todos os momentos do meu lado, saiba que sou muito grato a Deus por ele ter colocado uma pessoa tão maravilhosa em meu caminho.  Poderia passar o dia aqui, mais só escrever não basta! vamos viver o agora e aproveitar nossa família tá, te amo a cada dia mais ❤️@rafaelaqueiroz0409 …

Agradeço a Deus por você estar com saúde, o que passamos ano passado não foi fácil e hoje você está aqui com a glória do senhor!",0
vereadorederqueiroz,Parabéns felicidades Deus abençoe,sidneyalvesad,2026-04-09 14:47:42+00:00,https://www.instagram.com/p/DW6L9mODmb-/,"Hoje é dia Meu bem, o dia da pessoa que está em todos os momentos do meu lado, saiba que sou muito grato a Deus por ele ter colocado uma pessoa tão maravilhosa em meu caminho.  Poderia passar o dia aqui, mais só escrever não basta! vamos viver o agora e aproveitar nossa família tá, te amo a cada dia mais ❤️@rafaelaqueiroz0409 …

Agradeço a Deus por você estar com saúde, o que passamos ano passado não foi fácil e hoje você está aqui com a glória do senhor!",0
vereadorederqueiroz,Parabéns @rafaelaqueiroz0409 . Que Deus te abençoe sempre,jobsonfaustino_,2026-04-09 11:46:34+00:00,https://www.instagram.com/p/DW6L9mODmb-/,"Hoje é dia Meu bem, o dia da pessoa que está em todos os momentos do meu lado, saiba que sou muito grato a Deus por ele ter colocado uma pessoa tão maravilhosa em meu caminho.  Poderia passar o dia aqui, mais só escrever não basta! vamos viver o agora e aproveitar nossa família tá, te amo a cada dia mais ❤️@rafaelaqueiroz0409 …

Agradeço a Deus por você estar com saúde, o que passamos ano passado não foi fácil e hoje você está aqui com a glória do senhor!",1
vereadorederqueiroz,Meus parabéns @rafaelaqueiroz0409 muita saúde e paz. 🙌,gugualbino,2026-04-09 12:12:30+00:00,https://www.instagram.com/p/DW6L9mODmb-/,"Hoje é dia Meu bem, o dia da pessoa que está em todos os momentos do meu lado, saiba que sou muito grato a Deus por ele ter colocado uma pessoa tão maravilhosa em meu caminho.  Poderia passar o dia aqui, mais só escrever não basta! vamos viver o agora e aproveitar nossa família tá, te amo a cada dia mais ❤️@rafaelaqueiroz0409 …

Agradeço a Deus por você estar com saúde, o que passamos ano passado não foi fácil e hoje você está aqui com a glória do senhor!",1
vereadorederqueiroz,Parabéns @rafaelaqueiroz0409 muita saúde paz felicidade 👏👏,lindembergandrade1,2026-04-09 12:35:24+00:00,https://www.instagram.com/p/DW6L9mODmb-/,"Hoje é dia Meu bem, o dia da pessoa que está em todos os momentos do meu lado, saiba que sou muito grato a Deus por ele ter colocado uma pessoa tão maravilhosa em meu caminho.  Poderia passar o dia aqui, mais só escrever não basta! vamos viver o agora e aproveitar nossa família tá, te amo a cada dia mais ❤️@rafaelaqueiroz0409 …

Agradeço a Deus por você estar com saúde, o que passamos ano passado não foi fácil e hoje você está aqui com a glória do senhor!",1
vereadorederqueiroz,👏👏👏👏👏😍,josyfferreira,2026-04-09 12:12:43+00:00,https://www.instagram.com/p/DW6L9mODmb-/,"Hoje é dia Meu bem, o dia da pessoa que está em todos os momentos do meu lado, saiba que sou muito grato a Deus por ele ter colocado uma pessoa tão maravilhosa em meu caminho.  Poderia passar o dia aqui, mais só escrever não basta! vamos viver o agora e aproveitar nossa família tá, te amo a cada dia mais ❤️@rafaelaqueiroz0409 …

Agradeço a Deus por você estar com saúde, o que passamos ano passado não foi fácil e hoje você está aqui com a glória do senhor!",2
vereadorederqueiroz,❤️👏👏👏👏,anaferreira4117,2026-04-09 20:09:03+00:00,https://www.instagram.com/p/DW6L9mODmb-/,"Hoje é dia Meu bem, o dia da pessoa que está em todos os momentos do meu lado, saiba que sou muito grato a Deus por ele ter colocado uma pessoa tão maravilhosa em meu caminho.  Poderia passar o dia aqui, mais só escrever não basta! vamos viver o agora e aproveitar nossa família tá, te amo a cada dia mais ❤️@rafaelaqueiroz0409 …

Agradeço a Deus por você estar com saúde, o que passamos ano passado não foi fácil e hoje você está aqui com a glória do senhor!",0
vereadorederqueiroz,Aj sim 👏👏👏,janielly_silva.94,2026-04-10 00:57:49+00:00,https://www.instagram.com/p/DW37HFdDqy0/,"Na manhã de hoje, estive reunido com o nosso deputado estadual e médico @galenotorquato, apresentando importantes demandas para a melhoria da saúde, além de outras necessidades do litoral e de todo o município de Parnamirim. Seguimos trabalhando com compromisso e responsabilidade para nossa população!",0
vereadorederqueiroz,👏👏👏👏,terciabernardo,2026-04-08 14:23:04+00:00,https://www.instagram.com/p/DW37HFdDqy0/,"Na manhã de hoje, estive reunido com o nosso deputado estadual e médico @galenotorquato, apresentando importantes demandas para a melhoria da saúde, além de outras necessidades do litoral e de todo o município de Parnamirim. Seguimos trabalhando com compromisso e responsabilidade para nossa população!",1
vereadorederqueiroz,👏👏👏👏,karladaiane22,2026-04-08 14:29:48+00:00,https://www.instagram.com/p/DW37HFdDqy0/,"Na manhã de hoje, estive reunido com o nosso deputado estadual e médico @galenotorquato, apresentando importantes demandas para a melhoria da saúde, além de outras necessidades do litoral e de todo o município de Parnamirim. Seguimos trabalhando com compromisso e responsabilidade para nossa população!",1
vereadorederqueiroz,Sempre em busca de melhorias para o nosso município 👏👏👏👏,terciabernardo,2026-04-08 14:24:29+00:00,https://www.instagram.com/p/DW37HFdDqy0/,"Na manhã de hoje, estive reunido com o nosso deputado estadual e médico @galenotorquato, apresentando importantes demandas para a melhoria da saúde, além de outras necessidades do litoral e de todo o município de Parnamirim. Seguimos trabalhando com compromisso e responsabilidade para nossa população!",1
vereadorederqueiroz,👏👏👏,euallisonjordan,2026-04-08 15:32:42+00:00,https://www.instagram.com/p/DW37HFdDqy0/,"Na manhã de hoje, estive reunido com o nosso deputado estadual e médico @galenotorquato, apresentando importantes demandas para a melhoria da saúde, além de outras necessidades do litoral e de todo o município de Parnamirim. Seguimos trabalhando com compromisso e responsabilidade para nossa população!",1
vereadorederqueiroz,👏👏👏👏👏👏,edivanya_silva,2026-04-08 14:53:21+00:00,https://www.instagram.com/p/DW37HFdDqy0/,"Na manhã de hoje, estive reunido com o nosso deputado estadual e médico @galenotorquato, apresentando importantes demandas para a melhoria da saúde, além de outras necessidades do litoral e de todo o município de Parnamirim. Seguimos trabalhando com compromisso e responsabilidade para nossa população!",1
vereadorederqueiroz,👏👏👏👏,asllanyaraujo,2026-04-08 16:25:15+00:00,https://www.instagram.com/p/DW37HFdDqy0/,"Na manhã de hoje, estive reunido com o nosso deputado estadual e médico @galenotorquato, apresentando importantes demandas para a melhoria da saúde, além de outras necessidades do litoral e de todo o município de Parnamirim. Seguimos trabalhando com compromisso e responsabilidade para nossa população!",1
vereadorederqueiroz,👏👏,jessicadasilvapaulino,2026-04-08 14:22:39+00:00,https://www.instagram.com/p/DW37HFdDqy0/,"Na manhã de hoje, estive reunido com o nosso deputado estadual e médico @galenotorquato, apresentando importantes demandas para a melhoria da saúde, além de outras necessidades do litoral e de todo o município de Parnamirim. Seguimos trabalhando com compromisso e responsabilidade para nossa população!",1
vereadorederqueiroz,👏👏👏👏👏,allanmedeiros2021,2026-04-08 14:28:01+00:00,https://www.instagram.com/p/DW37HFdDqy0/,"Na manhã de hoje, estive reunido com o nosso deputado estadual e médico @galenotorquato, apresentando importantes demandas para a melhoria da saúde, além de outras necessidades do litoral e de todo o município de Parnamirim. Seguimos trabalhando com compromisso e responsabilidade para nossa população!",1
vereadorederqueiroz,👏👏👏👏,leticyaaxs1,2026-04-08 15:11:06+00:00,https://www.instagram.com/p/DW37HFdDqy0/,"Na manhã de hoje, estive reunido com o nosso deputado estadual e médico @galenotorquato, apresentando importantes demandas para a melhoria da saúde, além de outras necessidades do litoral e de todo o município de Parnamirim. Seguimos trabalhando com compromisso e responsabilidade para nossa população!",1
vereadorederqueiroz,👏👏👏,kalianypatricia26,2026-04-08 14:25:49+00:00,https://www.instagram.com/p/DW37HFdDqy0/,"Na manhã de hoje, estive reunido com o nosso deputado estadual e médico @galenotorquato, apresentando importantes demandas para a melhoria da saúde, além de outras necessidades do litoral e de todo o município de Parnamirim. Seguimos trabalhando com compromisso e responsabilidade para nossa população!",1
vereadorederqueiroz,👏👏👏,gerianequeiroz,2026-04-08 14:52:09+00:00,https://www.instagram.com/p/DW37HFdDqy0/,"Na manhã de hoje, estive reunido com o nosso deputado estadual e médico @galenotorquato, apresentando importantes demandas para a melhoria da saúde, além de outras necessidades do litoral e de todo o município de Parnamirim. Seguimos trabalhando com compromisso e responsabilidade para nossa população!",1
vereadorederqueiroz,👏🏻👏🏻👏🏻,josigomes_21,2026-04-08 14:53:10+00:00,https://www.instagram.com/p/DW37HFdDqy0/,"Na manhã de hoje, estive reunido com o nosso deputado estadual e médico @galenotorquato, apresentando importantes demandas para a melhoria da saúde, além de outras necessidades do litoral e de todo o município de Parnamirim. Seguimos trabalhando com compromisso e responsabilidade para nossa população!",1
vereadorederqueiroz,👏👏👏👏,jobsonfaustino_,2026-04-08 14:41:53+00:00,https://www.instagram.com/p/DW37HFdDqy0/,"Na manhã de hoje, estive reunido com o nosso deputado estadual e médico @galenotorquato, apresentando importantes demandas para a melhoria da saúde, além de outras necessidades do litoral e de todo o município de Parnamirim. Seguimos trabalhando com compromisso e responsabilidade para nossa população!",1
vereadorederqueiroz,👏👏👏👏,msi5536,2026-04-08 14:49:10+00:00,https://www.instagram.com/p/DW37HFdDqy0/,"Na manhã de hoje, estive reunido com o nosso deputado estadual e médico @galenotorquato, apresentando importantes demandas para a melhoria da saúde, além de outras necessidades do litoral e de todo o município de Parnamirim. Seguimos trabalhando com compromisso e responsabilidade para nossa população!",1
vereadorederqueiroz,👏👏👏👏👏👏,fagundesalfarn,2026-04-08 15:59:17+00:00,https://www.instagram.com/p/DW37HFdDqy0/,"Na manhã de hoje, estive reunido com o nosso deputado estadual e médico @galenotorquato, apresentando importantes demandas para a melhoria da saúde, além de outras necessidades do litoral e de todo o município de Parnamirim. Seguimos trabalhando com compromisso e responsabilidade para nossa população!",1
vereadorederqueiroz,Nosso deputado com o nosso vereador trabalhando em pró o nosso litoral pra o povo 👏👏👏,lindembergandrade1,2026-04-08 14:27:54+00:00,https://www.instagram.com/p/DW37HFdDqy0/,"Na manhã de hoje, estive reunido com o nosso deputado estadual e médico @galenotorquato, apresentando importantes demandas para a melhoria da saúde, além de outras necessidades do litoral e de todo o município de Parnamirim. Seguimos trabalhando com compromisso e responsabilidade para nossa população!",2
vereadorederqueiroz,👏👏👏,gugualbino,2026-04-08 15:04:38+00:00,https://www.instagram.com/p/DW37HFdDqy0/,"Na manhã de hoje, estive reunido com o nosso deputado estadual e médico @galenotorquato, apresentando importantes demandas para a melhoria da saúde, além de outras necessidades do litoral e de todo o município de Parnamirim. Seguimos trabalhando com compromisso e responsabilidade para nossa população!",2
vereadorederqueiroz,e isso aí 👏🏼👏🏼👏🏼,osai.nascimento93,2026-04-08 15:22:38+00:00,https://www.instagram.com/p/DW37HFdDqy0/,"Na manhã de hoje, estive reunido com o nosso deputado estadual e médico @galenotorquato, apresentando importantes demandas para a melhoria da saúde, além de outras necessidades do litoral e de todo o município de Parnamirim. Seguimos trabalhando com compromisso e responsabilidade para nossa população!",1
rodrigocruz_rn,👏👏👏👏👏,lourdesalves753,2026-03-13 11:43:45+00:00,https://www.instagram.com/p/DVygowEgGia/,"Parnamirim não para de crescer, e o nosso mandato caminha lado a lado com a nossa cidade! 💙🏢

Nossa marca está renovada, mas a missão continua a mesma: trabalhar por melhorias reais, fiscalizar de forma responsável e apoiar quem faz o bem nos nossos bairros. O mandato é nosso e a sua participação é o que dita o ritmo do nosso trabalho.

💬 Deixe aqui nos comentários: qual é a prioridade do seu bairro hoje que a gente precisa fazer acontecer? 👇

#RodrigoCruz #TrabalhoQueFazAcontecer #CamaraMunicipal #Parnamirim",0
rodrigocruz_rn,💥💥👏🏼👏🏼👏🏼🚀,marcio__santiago.oficial,2026-03-12 20:18:26+00:00,https://www.instagram.com/p/DVygowEgGia/,"Parnamirim não para de crescer, e o nosso mandato caminha lado a lado com a nossa cidade! 💙🏢

Nossa marca está renovada, mas a missão continua a mesma: trabalhar por melhorias reais, fiscalizar de forma responsável e apoiar quem faz o bem nos nossos bairros. O mandato é nosso e a sua participação é o que dita o ritmo do nosso trabalho.

💬 Deixe aqui nos comentários: qual é a prioridade do seu bairro hoje que a gente precisa fazer acontecer? 👇

#RodrigoCruz #TrabalhoQueFazAcontecer #CamaraMunicipal #Parnamirim",0
rodrigocruz_rn,👏👏👏👏👏👏,vitoria_silvaandrade,2026-03-12 17:13:57+00:00,https://www.instagram.com/p/DVygowEgGia/,"Parnamirim não para de crescer, e o nosso mandato caminha lado a lado com a nossa cidade! 💙🏢

Nossa marca está renovada, mas a missão continua a mesma: trabalhar por melhorias reais, fiscalizar de forma responsável e apoiar quem faz o bem nos nossos bairros. O mandato é nosso e a sua participação é o que dita o ritmo do nosso trabalho.

💬 Deixe aqui nos comentários: qual é a prioridade do seu bairro hoje que a gente precisa fazer acontecer? 👇

#RodrigoCruz #TrabalhoQueFazAcontecer #CamaraMunicipal #Parnamirim",0
rodrigocruz_rn,👏👏👏👏😍,rozilene_oliveira_lena,2026-03-12 18:35:03+00:00,https://www.instagram.com/p/DVygowEgGia/,"Parnamirim não para de crescer, e o nosso mandato caminha lado a lado com a nossa cidade! 💙🏢

Nossa marca está renovada, mas a missão continua a mesma: trabalhar por melhorias reais, fiscalizar de forma responsável e apoiar quem faz o bem nos nossos bairros. O mandato é nosso e a sua participação é o que dita o ritmo do nosso trabalho.

💬 Deixe aqui nos comentários: qual é a prioridade do seu bairro hoje que a gente precisa fazer acontecer? 👇

#RodrigoCruz #TrabalhoQueFazAcontecer #CamaraMunicipal #Parnamirim",0
rodrigocruz_rn,👏👏👏,janiellypereiraaaa,2026-03-12 18:14:28+00:00,https://www.instagram.com/p/DVygowEgGia/,"Parnamirim não para de crescer, e o nosso mandato caminha lado a lado com a nossa cidade! 💙🏢

Nossa marca está renovada, mas a missão continua a mesma: trabalhar por melhorias reais, fiscalizar de forma responsável e apoiar quem faz o bem nos nossos bairros. O mandato é nosso e a sua participação é o que dita o ritmo do nosso trabalho.

💬 Deixe aqui nos comentários: qual é a prioridade do seu bairro hoje que a gente precisa fazer acontecer? 👇

#RodrigoCruz #TrabalhoQueFazAcontecer #CamaraMunicipal #Parnamirim",0
rodrigocruz_rn,👏🏻👏🏻,ewelynvitalino,2026-03-12 16:01:09+00:00,https://www.instagram.com/p/DVyga6BgF-P/,"Um mandato forte se constrói de perto, olhando nos olhos e ouvindo quem mais importa: você! 🤝 Com pé na rua e diálogo com a gestão, sigo firme no propósito de ser um representante que entende a realidade da nossa cidade e busca soluções de forma construtiva.

👉 Vem ver como o nosso feed está ficando de cara nova! Acesse o perfil.

#VereadorRodrigoCruz #ParnamirimRN #EscutaAtiva #Compromisso",0
rodrigocruz_rn,👏🏼👏🏼👏🏼,emillyteiixeira,2026-03-12 18:02:35+00:00,https://www.instagram.com/p/DVyga6BgF-P/,"Um mandato forte se constrói de perto, olhando nos olhos e ouvindo quem mais importa: você! 🤝 Com pé na rua e diálogo com a gestão, sigo firme no propósito de ser um representante que entende a realidade da nossa cidade e busca soluções de forma construtiva.

👉 Vem ver como o nosso feed está ficando de cara nova! Acesse o perfil.

#VereadorRodrigoCruz #ParnamirimRN #EscutaAtiva #Compromisso",0
rodrigocruz_rn,🙌👏,alynesaraiva_,2026-03-12 17:29:54+00:00,https://www.instagram.com/p/DVyga6BgF-P/,"Um mandato forte se constrói de perto, olhando nos olhos e ouvindo quem mais importa: você! 🤝 Com pé na rua e diálogo com a gestão, sigo firme no propósito de ser um representante que entende a realidade da nossa cidade e busca soluções de forma construtiva.

👉 Vem ver como o nosso feed está ficando de cara nova! Acesse o perfil.

#VereadorRodrigoCruz #ParnamirimRN #EscutaAtiva #Compromisso",0
rodrigocruz_rn,👏👏👏👏👏👏👏,rozilene_oliveira_lena,2026-03-12 18:30:31+00:00,https://www.instagram.com/p/DVyga6BgF-P/,"Um mandato forte se constrói de perto, olhando nos olhos e ouvindo quem mais importa: você! 🤝 Com pé na rua e diálogo com a gestão, sigo firme no propósito de ser um representante que entende a realidade da nossa cidade e busca soluções de forma construtiva.

👉 Vem ver como o nosso feed está ficando de cara nova! Acesse o perfil.

#VereadorRodrigoCruz #ParnamirimRN #EscutaAtiva #Compromisso",0
rodrigocruz_rn,👏👏👏👏🤝,marcio__santiago.oficial,2026-03-12 20:25:31+00:00,https://www.instagram.com/p/DVyga6BgF-P/,"Um mandato forte se constrói de perto, olhando nos olhos e ouvindo quem mais importa: você! 🤝 Com pé na rua e diálogo com a gestão, sigo firme no propósito de ser um representante que entende a realidade da nossa cidade e busca soluções de forma construtiva.

👉 Vem ver como o nosso feed está ficando de cara nova! Acesse o perfil.

#VereadorRodrigoCruz #ParnamirimRN #EscutaAtiva #Compromisso",1
rodrigocruz_rn,👏👏👏👏,aldelivia,2026-03-13 12:25:33+00:00,https://www.instagram.com/p/DVyga6BgF-P/,"Um mandato forte se constrói de perto, olhando nos olhos e ouvindo quem mais importa: você! 🤝 Com pé na rua e diálogo com a gestão, sigo firme no propósito de ser um representante que entende a realidade da nossa cidade e busca soluções de forma construtiva.

👉 Vem ver como o nosso feed está ficando de cara nova! Acesse o perfil.

#VereadorRodrigoCruz #ParnamirimRN #EscutaAtiva #Compromisso",0
rodrigocruz_rn,👏👏👏,janiellypereiraaaa,2026-03-12 18:14:51+00:00,https://www.instagram.com/p/DVyga6BgF-P/,"Um mandato forte se constrói de perto, olhando nos olhos e ouvindo quem mais importa: você! 🤝 Com pé na rua e diálogo com a gestão, sigo firme no propósito de ser um representante que entende a realidade da nossa cidade e busca soluções de forma construtiva.

👉 Vem ver como o nosso feed está ficando de cara nova! Acesse o perfil.

#VereadorRodrigoCruz #ParnamirimRN #EscutaAtiva #Compromisso",0
rodrigocruz_rn,👏👏👏👏👏,simonesm02,2026-03-12 16:15:23+00:00,https://www.instagram.com/p/DVyga6BgF-P/,"Um mandato forte se constrói de perto, olhando nos olhos e ouvindo quem mais importa: você! 🤝 Com pé na rua e diálogo com a gestão, sigo firme no propósito de ser um representante que entende a realidade da nossa cidade e busca soluções de forma construtiva.

👉 Vem ver como o nosso feed está ficando de cara nova! Acesse o perfil.

#VereadorRodrigoCruz #ParnamirimRN #EscutaAtiva #Compromisso",0
rodrigocruz_rn,👏👏👏,taayycosta,2026-03-12 17:26:46+00:00,https://www.instagram.com/p/DVyga6BgF-P/,"Um mandato forte se constrói de perto, olhando nos olhos e ouvindo quem mais importa: você! 🤝 Com pé na rua e diálogo com a gestão, sigo firme no propósito de ser um representante que entende a realidade da nossa cidade e busca soluções de forma construtiva.

👉 Vem ver como o nosso feed está ficando de cara nova! Acesse o perfil.

#VereadorRodrigoCruz #ParnamirimRN #EscutaAtiva #Compromisso",0
rodrigocruz_rn,👏👏👏👏,cristinamara_2001,2026-03-14 00:17:34+00:00,https://www.instagram.com/p/DVyga6BgF-P/,"Um mandato forte se constrói de perto, olhando nos olhos e ouvindo quem mais importa: você! 🤝 Com pé na rua e diálogo com a gestão, sigo firme no propósito de ser um representante que entende a realidade da nossa cidade e busca soluções de forma construtiva.

👉 Vem ver como o nosso feed está ficando de cara nova! Acesse o perfil.

#VereadorRodrigoCruz #ParnamirimRN #EscutaAtiva #Compromisso",0
rodrigocruz_rn,👏👏👏👏👏👏,cinthyamartins2015,2026-03-12 15:46:05+00:00,https://www.instagram.com/p/DVyga6BgF-P/,"Um mandato forte se constrói de perto, olhando nos olhos e ouvindo quem mais importa: você! 🤝 Com pé na rua e diálogo com a gestão, sigo firme no propósito de ser um representante que entende a realidade da nossa cidade e busca soluções de forma construtiva.

👉 Vem ver como o nosso feed está ficando de cara nova! Acesse o perfil.

#VereadorRodrigoCruz #ParnamirimRN #EscutaAtiva #Compromisso",0
rodrigocruz_rn,👏🏻👏🏻👏🏻,samaraa.paiva,2026-03-12 21:07:53+00:00,https://www.instagram.com/p/DVyga6BgF-P/,"Um mandato forte se constrói de perto, olhando nos olhos e ouvindo quem mais importa: você! 🤝 Com pé na rua e diálogo com a gestão, sigo firme no propósito de ser um representante que entende a realidade da nossa cidade e busca soluções de forma construtiva.

👉 Vem ver como o nosso feed está ficando de cara nova! Acesse o perfil.

#VereadorRodrigoCruz #ParnamirimRN #EscutaAtiva #Compromisso",0
rodrigocruz_rn,Tmj 🔥🔥🔥🔥🔥,erinaldo_oliveirabass,2026-03-25 01:03:50+00:00,https://www.instagram.com/p/DVyga6BgF-P/,"Um mandato forte se constrói de perto, olhando nos olhos e ouvindo quem mais importa: você! 🤝 Com pé na rua e diálogo com a gestão, sigo firme no propósito de ser um representante que entende a realidade da nossa cidade e busca soluções de forma construtiva.

👉 Vem ver como o nosso feed está ficando de cara nova! Acesse o perfil.

#VereadorRodrigoCruz #ParnamirimRN #EscutaAtiva #Compromisso",0
rodrigocruz_rn,👏👏👏 vamos 🤝,vitoria_silvaandrade,2026-03-12 17:13:46+00:00,https://www.instagram.com/p/DVyga6BgF-P/,"Um mandato forte se constrói de perto, olhando nos olhos e ouvindo quem mais importa: você! 🤝 Com pé na rua e diálogo com a gestão, sigo firme no propósito de ser um representante que entende a realidade da nossa cidade e busca soluções de forma construtiva.

👉 Vem ver como o nosso feed está ficando de cara nova! Acesse o perfil.

#VereadorRodrigoCruz #ParnamirimRN #EscutaAtiva #Compromisso",0
rodrigocruz_rn,Deus guie seus passos e te livre de todo mau! Ele é tua força e fortaleza.🙌🏼🙌🏼🙌🏼,gill_cruzz,2026-03-12 17:04:46+00:00,https://www.instagram.com/p/DVyga6BgF-P/,"Um mandato forte se constrói de perto, olhando nos olhos e ouvindo quem mais importa: você! 🤝 Com pé na rua e diálogo com a gestão, sigo firme no propósito de ser um representante que entende a realidade da nossa cidade e busca soluções de forma construtiva.

👉 Vem ver como o nosso feed está ficando de cara nova! Acesse o perfil.

#VereadorRodrigoCruz #ParnamirimRN #EscutaAtiva #Compromisso",2
rodrigocruz_rn,👏👏👏👏👏 🔝 Vamos que vamos !! 🚀,robertariveracruz,2026-03-12 17:58:31+00:00,https://www.instagram.com/p/DVyga6BgF-P/,"Um mandato forte se constrói de perto, olhando nos olhos e ouvindo quem mais importa: você! 🤝 Com pé na rua e diálogo com a gestão, sigo firme no propósito de ser um representante que entende a realidade da nossa cidade e busca soluções de forma construtiva.

👉 Vem ver como o nosso feed está ficando de cara nova! Acesse o perfil.

#VereadorRodrigoCruz #ParnamirimRN #EscutaAtiva #Compromisso",0
rodrigocruz_rn,❤️👏🤍,ivonetemits,2026-03-13 11:06:50+00:00,https://www.instagram.com/p/DVyga6BgF-P/,"Um mandato forte se constrói de perto, olhando nos olhos e ouvindo quem mais importa: você! 🤝 Com pé na rua e diálogo com a gestão, sigo firme no propósito de ser um representante que entende a realidade da nossa cidade e busca soluções de forma construtiva.

👉 Vem ver como o nosso feed está ficando de cara nova! Acesse o perfil.

#VereadorRodrigoCruz #ParnamirimRN #EscutaAtiva #Compromisso",0
rodrigocruz_rn,"Estamos juntos @vereadorRodrigocruz parabéns pelo seu desempenho na câmara municipal de Parnamirim, e  principalmente esse relacionamento interpessoal com a população nas ruas com o povo , é assim que se faz política visitando, conversando,vendo, as necessidades dos cidadãos Parnamirinense, você  está provando que é diferente dos demais vereadores que só procuram o povo em época de eleições, conte com o nosso apoio. ISAQUE OLIVEIRA.",isaque_burgs,2026-03-13 14:04:03+00:00,https://www.instagram.com/p/DVyga6BgF-P/,"Um mandato forte se constrói de perto, olhando nos olhos e ouvindo quem mais importa: você! 🤝 Com pé na rua e diálogo com a gestão, sigo firme no propósito de ser um representante que entende a realidade da nossa cidade e busca soluções de forma construtiva.

👉 Vem ver como o nosso feed está ficando de cara nova! Acesse o perfil.

#VereadorRodrigoCruz #ParnamirimRN #EscutaAtiva #Compromisso",0
drjonasgodeiro,👏👏👏😍😍😍,kalinemorais89,2025-10-25 16:19:19+00:00,https://www.instagram.com/p/DQPPHSoDsHz/,Hoje a legenda é por conta de vocês! Quero saber o que acharam desse momento 🫶🏻,0
drjonasgodeiro,👏👏👏,elianemirandabarreto,2025-10-25 16:15:01+00:00,https://www.instagram.com/p/DQPPHSoDsHz/,Hoje a legenda é por conta de vocês! Quero saber o que acharam desse momento 🫶🏻,0
drjonasgodeiro,👏👏👏👏👏👏👏👏👏👏,eltonalvesrn,2025-10-25 16:00:52+00:00,https://www.instagram.com/p/DQPPHSoDsHz/,Hoje a legenda é por conta de vocês! Quero saber o que acharam desse momento 🫶🏻,0
drjonasgodeiro,👏👏👏,_gdvariedades,2025-10-28 20:30:14+00:00,https://www.instagram.com/p/DQPPHSoDsHz/,Hoje a legenda é por conta de vocês! Quero saber o que acharam desse momento 🫶🏻,0
drjonasgodeiro,👏👏,naldinhoribeirooficial,2025-10-25 16:59:02+00:00,https://www.instagram.com/p/DQPPHSoDsHz/,Hoje a legenda é por conta de vocês! Quero saber o que acharam desse momento 🫶🏻,0
drjonasgodeiro,👏🏼👏🏼👏🏼👏🏼👏🏼,ophelia.perfumaria,2025-10-25 16:16:59+00:00,https://www.instagram.com/p/DQPPHSoDsHz/,Hoje a legenda é por conta de vocês! Quero saber o que acharam desse momento 🫶🏻,0
drjonasgodeiro,👏👏👏👏👏👏,elbia.araujo.754,2025-10-25 17:30:22+00:00,https://www.instagram.com/p/DQPPHSoDsHz/,Hoje a legenda é por conta de vocês! Quero saber o que acharam desse momento 🫶🏻,0
drjonasgodeiro,😍😍,liviallmaria,2025-10-25 18:13:30+00:00,https://www.instagram.com/p/DQPPHSoDsHz/,Hoje a legenda é por conta de vocês! Quero saber o que acharam desse momento 🫶🏻,0
drjonasgodeiro,👏👏👏👏👏👏👏👏,piedade580,2025-10-25 18:58:17+00:00,https://www.instagram.com/p/DQPPHSoDsHz/,Hoje a legenda é por conta de vocês! Quero saber o que acharam desse momento 🫶🏻,0
drjonasgodeiro,👏👏,edvaldo_e_luca,2025-10-25 19:43:51+00:00,https://www.instagram.com/p/DQPPHSoDsHz/,Hoje a legenda é por conta de vocês! Quero saber o que acharam desse momento 🫶🏻,0
drjonasgodeiro,Nosso vereador é o melhor de Parnamirim!  Deus abençoe hoje e sempre! 👏👏👏👏👏🙌❤️,kalinemorais89,2025-10-25 16:20:50+00:00,https://www.instagram.com/p/DQPPHSoDsHz/,Hoje a legenda é por conta de vocês! Quero saber o que acharam desse momento 🫶🏻,0
drjonasgodeiro,👏👏👏👏👏,jullianpaiva,2025-10-25 16:11:43+00:00,https://www.instagram.com/p/DQPPHSoDsHz/,Hoje a legenda é por conta de vocês! Quero saber o que acharam desse momento 🫶🏻,0
drjonasgodeiro,👏🏿👏🏿👏🏿👏🏿👏🏿,artemio_camara,2025-10-25 19:05:30+00:00,https://www.instagram.com/p/DQPPHSoDsHz/,Hoje a legenda é por conta de vocês! Quero saber o que acharam desse momento 🫶🏻,0
drjonasgodeiro,Parabéns Vereador,zizi_freire_,2025-10-25 23:06:40+00:00,https://www.instagram.com/p/DQPPHSoDsHz/,Hoje a legenda é por conta de vocês! Quero saber o que acharam desse momento 🫶🏻,0
drjonasgodeiro,Maravilhoso,josy_pinheiroo,2025-10-25 17:17:41+00:00,https://www.instagram.com/p/DQPPHSoDsHz/,Hoje a legenda é por conta de vocês! Quero saber o que acharam desse momento 🫶🏻,0
drjonasgodeiro,👏👏👏 Tudo lindo e elegante 🎶,judsongoncalves,2025-10-25 17:15:44+00:00,https://www.instagram.com/p/DQPPHSoDsHz/,Hoje a legenda é por conta de vocês! Quero saber o que acharam desse momento 🫶🏻,0
drjonasgodeiro,"Totalmente seguro, alegreeeee, que dia lindo!!!! Foi uma noite incrível pra Parnamirim! 👏🏽👏🏽👏🏽👏🏽👏🏽",suyanny.albernaz,2025-10-26 00:17:34+00:00,https://www.instagram.com/p/DQPPHSoDsHz/,Hoje a legenda é por conta de vocês! Quero saber o que acharam desse momento 🫶🏻,1
drjonasgodeiro,"Organização,  animação,  segurança,  tudo muito bem planejado.  Tudo foi perfeito.  Parabéns @drjonasgodeiro 👏👏👏👏",emersonseufrasio,2025-10-25 18:42:52+00:00,https://www.instagram.com/p/DQPPHSoDsHz/,Hoje a legenda é por conta de vocês! Quero saber o que acharam desse momento 🫶🏻,2
drjonasgodeiro,"Evento organizado, parabéns a todos em especial o nosso amigo é vereador @drjonasgodeiro  que Deus abençoe amigo 👏👏👏👏.",ricardooliveira99110,2025-10-25 17:17:42+00:00,https://www.instagram.com/p/DQPPHSoDsHz/,Hoje a legenda é por conta de vocês! Quero saber o que acharam desse momento 🫶🏻,0
drjonasgodeiro,Festa extremamente organizada parabéns meu amigo Jonas👏🏼👏🏼👏🏼,gabrielanselmo10,2025-10-25 16:06:12+00:00,https://www.instagram.com/p/DQPPHSoDsHz/,Hoje a legenda é por conta de vocês! Quero saber o que acharam desse momento 🫶🏻,0
drjonasgodeiro,"Parabéns não só pelo dom da vida amigos, mais pela excelente festa que nós proporcionou!",belle_cristina23,2025-10-25 16:30:20+00:00,https://www.instagram.com/p/DQPPHSoDsHz/,Hoje a legenda é por conta de vocês! Quero saber o que acharam desse momento 🫶🏻,0
drjonasgodeiro,👏👏👏,jpgodeiro,2025-10-24 20:17:37+00:00,https://www.instagram.com/p/DQNHmNZCWri/,"Uma noite inesquecível! 
Meu aniversário, mas o presente foi para o povo! 

Gratidão a todos que estiveram presentes, aos artistas que fizeram a festa acontecer e à minha equipe, que não mede esforços pra realizar cada detalhe com amor. Foi lindo ver nossa praça cheia de alegria, música e solidariedade! 🫶🏻🎂",0
drjonasgodeiro,👏👏🔥,judsonalves08,2025-10-24 20:57:45+00:00,https://www.instagram.com/p/DQNHmNZCWri/,"Uma noite inesquecível! 
Meu aniversário, mas o presente foi para o povo! 

Gratidão a todos que estiveram presentes, aos artistas que fizeram a festa acontecer e à minha equipe, que não mede esforços pra realizar cada detalhe com amor. Foi lindo ver nossa praça cheia de alegria, música e solidariedade! 🫶🏻🎂",0
drjonasgodeiro,👏👏👏👏👏,thaty_t4,2025-10-24 20:22:04+00:00,https://www.instagram.com/p/DQNHmNZCWri/,"Uma noite inesquecível! 
Meu aniversário, mas o presente foi para o povo! 

Gratidão a todos que estiveram presentes, aos artistas que fizeram a festa acontecer e à minha equipe, que não mede esforços pra realizar cada detalhe com amor. Foi lindo ver nossa praça cheia de alegria, música e solidariedade! 🫶🏻🎂",0
drjonasgodeiro,👏👏👏👏,noylasantos,2025-10-24 21:57:50+00:00,https://www.instagram.com/p/DQNHmNZCWri/,"Uma noite inesquecível! 
Meu aniversário, mas o presente foi para o povo! 

Gratidão a todos que estiveram presentes, aos artistas que fizeram a festa acontecer e à minha equipe, que não mede esforços pra realizar cada detalhe com amor. Foi lindo ver nossa praça cheia de alegria, música e solidariedade! 🫶🏻🎂",0
drjonasgodeiro,👏👏👏,rafa_linharees,2025-10-24 20:27:24+00:00,https://www.instagram.com/p/DQNHmNZCWri/,"Uma noite inesquecível! 
Meu aniversário, mas o presente foi para o povo! 

Gratidão a todos que estiveram presentes, aos artistas que fizeram a festa acontecer e à minha equipe, que não mede esforços pra realizar cada detalhe com amor. Foi lindo ver nossa praça cheia de alegria, música e solidariedade! 🫶🏻🎂",0
drjonasgodeiro,👏👏👏👏😍,_daniellyhenrique,2025-10-24 21:04:52+00:00,https://www.instagram.com/p/DQNHmNZCWri/,"Uma noite inesquecível! 
Meu aniversário, mas o presente foi para o povo! 

Gratidão a todos que estiveram presentes, aos artistas que fizeram a festa acontecer e à minha equipe, que não mede esforços pra realizar cada detalhe com amor. Foi lindo ver nossa praça cheia de alegria, música e solidariedade! 🫶🏻🎂",0
drjonasgodeiro,👏,beatrizzy8,2025-10-25 13:26:18+00:00,https://www.instagram.com/p/DQNHmNZCWri/,"Uma noite inesquecível! 
Meu aniversário, mas o presente foi para o povo! 

Gratidão a todos que estiveram presentes, aos artistas que fizeram a festa acontecer e à minha equipe, que não mede esforços pra realizar cada detalhe com amor. Foi lindo ver nossa praça cheia de alegria, música e solidariedade! 🫶🏻🎂",0
drjonasgodeiro,👏,valdicustodiodasilvafilho,2025-10-24 20:33:33+00:00,https://www.instagram.com/p/DQNHmNZCWri/,"Uma noite inesquecível! 
Meu aniversário, mas o presente foi para o povo! 

Gratidão a todos que estiveram presentes, aos artistas que fizeram a festa acontecer e à minha equipe, que não mede esforços pra realizar cada detalhe com amor. Foi lindo ver nossa praça cheia de alegria, música e solidariedade! 🫶🏻🎂",0
drjonasgodeiro,"Parabéns pelo evento maravilhoso, amigo. Deus te abençoe grandemente 🙏🏽🔥🔥🔥🔥",ivsonf_,2025-10-24 21:07:00+00:00,https://www.instagram.com/p/DQNHmNZCWri/,"Uma noite inesquecível! 
Meu aniversário, mas o presente foi para o povo! 

Gratidão a todos que estiveram presentes, aos artistas que fizeram a festa acontecer e à minha equipe, que não mede esforços pra realizar cada detalhe com amor. Foi lindo ver nossa praça cheia de alegria, música e solidariedade! 🫶🏻🎂",0
drjonasgodeiro,Foi maravilhoooo😍😍❤️,kendson_willian,2025-10-25 10:14:32+00:00,https://www.instagram.com/p/DQNHmNZCWri/,"Uma noite inesquecível! 
Meu aniversário, mas o presente foi para o povo! 

Gratidão a todos que estiveram presentes, aos artistas que fizeram a festa acontecer e à minha equipe, que não mede esforços pra realizar cada detalhe com amor. Foi lindo ver nossa praça cheia de alegria, música e solidariedade! 🫶🏻🎂",0
drjonasgodeiro,"Parabéns meu vereador, o mais brabo da cidade 👏👏👏",lucasneto.sg,2025-10-24 20:42:09+00:00,https://www.instagram.com/p/DQNHmNZCWri/,"Uma noite inesquecível! 
Meu aniversário, mas o presente foi para o povo! 

Gratidão a todos que estiveram presentes, aos artistas que fizeram a festa acontecer e à minha equipe, que não mede esforços pra realizar cada detalhe com amor. Foi lindo ver nossa praça cheia de alegria, música e solidariedade! 🫶🏻🎂",0
drjonasgodeiro,👏👏,edvaldo_e_luca,2025-10-24 20:51:22+00:00,https://www.instagram.com/p/DQNHmNZCWri/,"Uma noite inesquecível! 
Meu aniversário, mas o presente foi para o povo! 

Gratidão a todos que estiveram presentes, aos artistas que fizeram a festa acontecer e à minha equipe, que não mede esforços pra realizar cada detalhe com amor. Foi lindo ver nossa praça cheia de alegria, música e solidariedade! 🫶🏻🎂",0
drjonasgodeiro,Festa TOP!!! 👏👏👏,luziamartinsss,2025-10-24 21:53:22+00:00,https://www.instagram.com/p/DQNHmNZCWri/,"Uma noite inesquecível! 
Meu aniversário, mas o presente foi para o povo! 

Gratidão a todos que estiveram presentes, aos artistas que fizeram a festa acontecer e à minha equipe, que não mede esforços pra realizar cada detalhe com amor. Foi lindo ver nossa praça cheia de alegria, música e solidariedade! 🫶🏻🎂",0
drjonasgodeiro,Tudo lindo  e maravilhoso 👏👏👏👏👏,elmaalves152,2025-10-27 17:31:46+00:00,https://www.instagram.com/p/DQNHmNZCWri/,"Uma noite inesquecível! 
Meu aniversário, mas o presente foi para o povo! 

Gratidão a todos que estiveram presentes, aos artistas que fizeram a festa acontecer e à minha equipe, que não mede esforços pra realizar cada detalhe com amor. Foi lindo ver nossa praça cheia de alegria, música e solidariedade! 🫶🏻🎂",0
drjonasgodeiro,Parabéns foi perfeito!👏👏👏👏👏,cristinalunga,2025-10-24 21:24:49+00:00,https://www.instagram.com/p/DQNHmNZCWri/,"Uma noite inesquecível! 
Meu aniversário, mas o presente foi para o povo! 

Gratidão a todos que estiveram presentes, aos artistas que fizeram a festa acontecer e à minha equipe, que não mede esforços pra realizar cada detalhe com amor. Foi lindo ver nossa praça cheia de alegria, música e solidariedade! 🫶🏻🎂",0
drjonasgodeiro,Foi tudoooooooo 👏👏👏👏👏👏,suyanny.albernaz,2025-10-24 20:16:43+00:00,https://www.instagram.com/p/DQNHmNZCWri/,"Uma noite inesquecível! 
Meu aniversário, mas o presente foi para o povo! 

Gratidão a todos que estiveram presentes, aos artistas que fizeram a festa acontecer e à minha equipe, que não mede esforços pra realizar cada detalhe com amor. Foi lindo ver nossa praça cheia de alegria, música e solidariedade! 🫶🏻🎂",0
drjonasgodeiro,A alegria de vcs é a minha foi maravilhoso meu Deus 😍,lumagodeiro,2025-10-24 21:02:13+00:00,https://www.instagram.com/p/DQNHmNZCWri/,"Uma noite inesquecível! 
Meu aniversário, mas o presente foi para o povo! 

Gratidão a todos que estiveram presentes, aos artistas que fizeram a festa acontecer e à minha equipe, que não mede esforços pra realizar cada detalhe com amor. Foi lindo ver nossa praça cheia de alegria, música e solidariedade! 🫶🏻🎂",4
drjonasgodeiro,👏👏 parabéns festa foi top,juscileide9233,2025-10-24 20:18:18+00:00,https://www.instagram.com/p/DQNHmNZCWri/,"Uma noite inesquecível! 
Meu aniversário, mas o presente foi para o povo! 

Gratidão a todos que estiveram presentes, aos artistas que fizeram a festa acontecer e à minha equipe, que não mede esforços pra realizar cada detalhe com amor. Foi lindo ver nossa praça cheia de alegria, música e solidariedade! 🫶🏻🎂",0
drjonasgodeiro,Perfeito 👏,sophiaabijoux,2025-10-24 23:50:23+00:00,https://www.instagram.com/p/DQNHmNZCWri/,"Uma noite inesquecível! 
Meu aniversário, mas o presente foi para o povo! 

Gratidão a todos que estiveram presentes, aos artistas que fizeram a festa acontecer e à minha equipe, que não mede esforços pra realizar cada detalhe com amor. Foi lindo ver nossa praça cheia de alegria, música e solidariedade! 🫶🏻🎂",0
drjonasgodeiro,Parabéns pelo evento e parabéns pra vc muitos anos de vida saúde e paz não fui mas foi top tudo bem organizado 🙏👏,eumarkynhodamidia,2025-10-25 02:14:57+00:00,https://www.instagram.com/p/DQNHmNZCWri/,"Uma noite inesquecível! 
Meu aniversário, mas o presente foi para o povo! 

Gratidão a todos que estiveram presentes, aos artistas que fizeram a festa acontecer e à minha equipe, que não mede esforços pra realizar cada detalhe com amor. Foi lindo ver nossa praça cheia de alegria, música e solidariedade! 🫶🏻🎂",0
drjonasgodeiro,TEM QUE RESPEITAR! 😍,aterezalg,2025-10-24 21:17:22+00:00,https://www.instagram.com/p/DQNHmNZCWri/,"Uma noite inesquecível! 
Meu aniversário, mas o presente foi para o povo! 

Gratidão a todos que estiveram presentes, aos artistas que fizeram a festa acontecer e à minha equipe, que não mede esforços pra realizar cada detalhe com amor. Foi lindo ver nossa praça cheia de alegria, música e solidariedade! 🫶🏻🎂",0
drjonasgodeiro,👏👏,giliard__santos2,2026-02-14 12:19:55+00:00,https://www.instagram.com/p/DQNHmNZCWri/,"Uma noite inesquecível! 
Meu aniversário, mas o presente foi para o povo! 

Gratidão a todos que estiveram presentes, aos artistas que fizeram a festa acontecer e à minha equipe, que não mede esforços pra realizar cada detalhe com amor. Foi lindo ver nossa praça cheia de alegria, música e solidariedade! 🫶🏻🎂",0
drjonasgodeiro,Parabéns por esse evento super tranquilo que venha os  próximos com fé em Deus 👏🙌🙌o Trabalho não para 👏👏👏,cibeli2223,2025-10-24 21:08:27+00:00,https://www.instagram.com/p/DQNHmNZCWri/,"Uma noite inesquecível! 
Meu aniversário, mas o presente foi para o povo! 

Gratidão a todos que estiveram presentes, aos artistas que fizeram a festa acontecer e à minha equipe, que não mede esforços pra realizar cada detalhe com amor. Foi lindo ver nossa praça cheia de alegria, música e solidariedade! 🫶🏻🎂",0
drjonasgodeiro,Esse simmm é um homem do povo 👏👏👏,roberta.costa.79219,2025-10-25 01:34:41+00:00,https://www.instagram.com/p/DQNHmNZCWri/,"Uma noite inesquecível! 
Meu aniversário, mas o presente foi para o povo! 

Gratidão a todos que estiveram presentes, aos artistas que fizeram a festa acontecer e à minha equipe, que não mede esforços pra realizar cada detalhe com amor. Foi lindo ver nossa praça cheia de alegria, música e solidariedade! 🫶🏻🎂",0
drjonasgodeiro,"Show, pena não ter ido",joseadalberonda,2025-10-25 00:34:03+00:00,https://www.instagram.com/p/DQNHmNZCWri/,"Uma noite inesquecível! 
Meu aniversário, mas o presente foi para o povo! 

Gratidão a todos que estiveram presentes, aos artistas que fizeram a festa acontecer e à minha equipe, que não mede esforços pra realizar cada detalhe com amor. Foi lindo ver nossa praça cheia de alegria, música e solidariedade! 🫶🏻🎂",0
